{
    "K": [
        [
            2690.10009765625,
            0.0,
            1494.5
        ],
        [
            0.0,
            2104.199951171875,
            1169.0
        ],
        [
            0.0,
            0.0,
            1.0
        ]
    ],
    "D": [
        -0.05000000074505806,
        0.0,
        0.0,
        0.0
    ],
    "image_size": [
        2989,
        2338
    ]
}